Entity,ISO_A3
Angola,AGO
Benin,BEN
Botswana,BWA
Burkina Faso,BFA
Burundi,BDI
Cameroon,CMR
Cape Verde,CPV
Central African Republic,CAF
Chad,TCD
Comoros,COM
Congo,COG
Cote d'Ivoire,CIV
Democratic Republic of Congo,COD
Djibouti,DJI
Equatorial Guinea,GNQ
Eritrea,ERI
Eswatini,SWZ
Ethiopia,ETH
Gabon,GAB
Gambia,GMB
Ghana,GHA
Guinea,GIN
Guinea-Bissau,GNB
Kenya,KEN
Lesotho,LSO
Liberia,LBR
Madagascar,MDG
Malawi,MWI
Mali,MLI
Mauritania,MRT
Mauritius,MUS
Mozambique,MOZ
Namibia,NAM
Niger,NER
Nigeria,NGA
Rwanda,RWA
Sao Tome and Principe,STP
Senegal,SEN
Seychelles,SYC
Sierra Leone,SLE
Somalia,SOM
South Africa,ZAF
South Sudan,SSD
Sudan,SDN
Tanzania,TZA
Togo,TGO
Uganda,UGA
Zambia,ZMB
Zimbabwe,ZWE
